Evaluador,Obsevación,N Modelo,ID,Instrumento,mm 11,mm 12,mm 13,mm 21,mm 22,mm 23,mm 13 - 11,mm 23 - 21,Distancia_intercanina mm 13 - 23,mm 41,mm 42,mm 43,mm 31,mm 32,mm 33,mm 43 - 41,mm 33 - 31,Distancia_intercanina mm 43 - 33
3,1,1,1,Vernier,8.6,6.68,8.15,8.49,7.24,8.27,23.11,23.47,39.38,4.97,6.48,6.98,4.96,6.35,7.19,19.01,18.94,29.15
3,1,2,2,Vernier,8.02,5.62,7.48,7.87,5.83,7.26,23.05,23.17,35.31,4.92,5.72,6.65,5.14,5.91,6.42,15.74,16.87,25.58
3,1,3,3,Vernier,8.15,6.21,8.01,7.87,5.84,6.39,23.55,22.61,37.72,4.89,5.77,5.18,4.58,5.72,5.72,17.74,17.22,27.79
3,1,4,4,Vernier,6.98,5.67,7.28,7.68,5.38,7.13,21.34,21.07,34.38,4.81,5.46,6.16,4.61,5.23,6.35,16.63,15.84,25.7
3,1,5,5,Vernier,8.04,6.77,8.18,7.74,6.67,8.07,23.52,23.16,39.77,5.13,5.22,6.51,5.16,5.37,6.86,17.99,17.92,29.23
3,1,6,6,Vernier,7.78,6.49,7.45,7.94,6.31,7.75,22.71,22.68,33.48,4.92,5.25,6.19,4.72,5.45,5.98,17.01,17.21,26.42
3,1,7,7,Vernier,7.95,6.72,7.92,7.88,6.02,7.68,22.99,22.41,37.19,5.17,5.95,6.87,5.18,5.57,6.67,16.99,16.52,26.67
3,1,8,8,Vernier,9.07,7.02,8.16,9.08,7.82,7.85,25.11,24.73,38.78,5.71,6.61,7.25,5.72,6.05,7.46,16.96,17.86,28.54
3,1,9,9,Vernier,9.91,7.52,9.05,9.02,7.76,8.59,24.36,24.49,40.99,5.38,6.48,7.27,5.24,6.84,7.53,18.61,19.12,31.81
3,1,10,10,Vernier,8.53,6.59,7.67,8.28,7.12,7.81,22.67,22.32,35.37,5.63,6.57,7.05,5.75,5.89,6.78,17.15,18.51,27.75
3,1,11,11,Vernier,7.78,7.15,7.45,8.23,7.24,7.15,23.23,23.68,39.08,5.03,6.38,6.59,5.72,5.98,6.78,17.31,17.66,28.36
3,1,12,12,Vernier,7.96,6.36,6.96,8.26,6.03,7.38,22.13,23.28,35.56,5.29,5.11,5.96,5.92,6.09,6.44,17.18,16.79,24.73
3,1,13,13,Vernier,7.68,6.24,7.62,7.89,7.04,7.51,21.49,21.51,32.59,5.24,5.38,6.33,5.24,5.49,6.33,15.69,15.95,25.13
3,1,14,14,Vernier,7.74,6.92,8.37,8.45,6.39,7.83,22.85,23.07,37.91,5.38,5.91,6.85,4.85,5.58,6.64,17.89,17.69,31.09
3,1,15,15,Vernier,8.87,6.78,8.21,8.97,6.73,7.88,24.93,24.95,38.44,6.03,6.44,7.5,5.86,6.37,7.14,18.65,18.35,30.76
3,1,16,16,Vernier,8.55,7.18,8.33,8.79,6.54,0,22.84,0,0,5.48,6.05,6.65,5.47,6.03,6.11,18.58,17.77,27.87
3,1,17,17,Vernier,7.86,6.14,7.25,7.98,6.19,7.65,22.71,22.99,35.62,5.12,5.53,6.26,5.08,5.54,6.43,17.84,17.33,27.74
3,1,18,18,Vernier,8.93,6.7,7.94,9.02,6.44,7.67,23.37,23.77,38.42,5.79,5.77,7.12,5.57,5.94,7.16,18.31,17.71,30.72
3,1,19,19,Vernier,8.34,7.17,8.34,8.46,7.37,8.37,23.5,24.34,37.51,5.12,5.27,6.16,5.02,5.24,6.17,17.28,17.94,27.18
3,1,20,20,Vernier,7.56,5.58,7.66,7.83,6.15,7.58,22.05,21.12,37.79,5.1,5.34,6.27,5.52,5.58,6.81,16.27,16.03,27.72
3,1,21,21,Vernier,7.35,5.24,6.81,7.69,5.47,6.82,20.76,20.79,33.74,4.57,5.58,5.06,4.75,4.95,4.99,15.65,15.46,26.42
3,1,22,22,Vernier,8.24,7.28,7.29,8.25,6.83,7.09,21.59,22.07,37.74,4.84,5.31,6.04,4.99,5.63,5.39,15.24,15.46,27.46
3,1,23,23,Vernier,9.75,7.44,8.56,9.65,7.01,8.61,24.07,25.55,40.71,4.91,6.08,7.23,5.28,6.36,6.86,18.09,18.71,30.7
3,1,24,24,Vernier,8.44,6.03,7.29,8.02,6.07,7.63,21.98,21.97,36.34,5.13,6.35,6.88,5.34,5.96,6.64,17.06,16.87,28.5
3,1,25,25,Vernier,8.65,6.86,8.08,8.75,6.78,7.79,23.79,23.58,36.54,5.92,6.45,6.58,6.06,6.16,7.31,18.64,18.62,30.29
3,1,26,26,Vernier,7.54,6.41,7.15,7.86,6.51,7.99,22.61,23.22,36.44,5.35,5.73,6.64,5.14,5.84,6.69,16.43,17.04,29.05
3,1,27,27,Vernier,9.12,6.75,7.39,9.06,6.65,7.39,23.84,23.02,37.83,5.49,5.9,6.43,5.74,5.96,6.55,17.72,17.93,34.36
3,1,28,28,Vernier,8.93,5.93,8.13,9.63,5.37,8.32,24.24,24.07,36.55,6.18,7.29,7.09,6.84,7.36,7.22,18.99,19.62,29.16
3,1,29,29,Vernier,9.03,7.77,7.45,9.46,7.38,7.67,25.28,26.07,41.77,5.48,6.64,5.72,5.83,6.46,6.57,18.19,19.29,30.85
3,1,30,30,Vernier,7.74,6.21,7.88,7.61,6.11,8.13,21.81,21.24,35.84,4.71,5.18,6.59,4.77,5.52,6.31,16.47,16.27,27.81
3,1,31,31,Vernier,8.48,8.08,8.18,8.22,7.86,8.44,24.44,24.88,37.69,6.36,6.59,7.9,5.82,6.26,7.19,14.78,16.56,24.57
3,1,32,32,Vernier,8.43,4.83,8.42,8.54,5.41,8.24,23.94,24.42,39.96,5.24,6.52,7.02,4.85,6.04,6.4,17.2,17.34,27.92
3,1,33,33,Vernier,8.74,5.47,7.45,8.72,5.75,7.55,22.23,22.23,37.18,4.85,5.39,6.83,4.5,5.85,6.18,17.31,17.45,29.89
3,1,34,34,Vernier,8.13,6.67,7.76,8.94,6.14,6.98,23.16,23.57,37.12,4.77,5.05,6.43,5.43,5.46,5.84,17.24,17.45,27.98
3,1,35,35,Vernier,8.38,7.53,7.67,8.97,7.33,7.36,24.04,23.52,37.18,5.95,6.27,7.16,5.37,6.45,6.96,17.32,17.76,29.06
3,1,36,36,Vernier,9.94,6.55,8.16,9.42,6.97,7.99,25.42,25.86,38.64,6.18,6.36,7.03,5.72,6.67,7.18,18.79,18.61,31.21
3,1,37,37,Vernier,7.86,7.14,7.05,8.06,6.62,6.97,22.92,22.94,35.06,5.02,5.36,5.4,4.92,5.52,6.13,16.53,16.72,26.66
3,1,38,38,Vernier,7.74,6.78,7.88,7.84,6.11,7.9,23.53,23.69,37.68,5.19,5.83,6.47,4.6,6.07,6.75,17.96,18.14,27.71
3,1,39,39,Vernier,8.37,7.24,8.97,8.42,7.07,9.06,24.92,25.04,39.32,6.37,6.12,7.24,6.19,6.71,7.19,20.3,19.18,31.21
3,1,40,40,Vernier,8.39,6.14,8.55,8.85,6.14,8.09,23.51,24.19,36.96,5.39,5.91,6.79,5.4,6.05,6.98,15.89,17.37,26.51
3,1,41,41,Vernier,8.81,7.94,8.33,8.79,7.71,8.22,25.27,25.62,41.75,5.44,6.01,7.07,5.94,6.15,6.91,18.73,18.74,33.04
3,1,42,42,Vernier,7.82,5.64,8.04,8.17,6.24,7.66,22.92,22.71,36.41,5.33,5.79,7.17,5.46,5.76,7.06,18.74,17.98,28.73
3,1,43,43,Vernier,9.28,7.08,8.56,9.37,7.58,9.01,24.76,22.81,36.52,6.17,6.16,6.41,7.55,6.72,7.35,18.02,18.17,29.51
3,1,44,44,Vernier,8.42,7.53,8.03,8.33,7.38,8.27,25.07,25.37,39.35,5.71,0,6.72,5.18,6.51,7.02,0,19.51,25.83
3,1,45,45,Vernier,8.32,5.92,8.32,8.16,6.27,8.23,23.21,23.46,37.36,4.71,5.73,6.95,5.12,5.29,6.22,16.91,17.38,29.17
3,1,46,46,Vernier,8.48,7.28,8.46,8.58,7.58,7.84,24.93,24.35,40.69,5.12,5.97,6.72,5.24,6.08,6.62,17.74,17.93,30.16
3,1,47,47,Vernier,8.87,7.52,8.16,8.79,7.28,7.78,24.45,24.91,38.82,5.7,5.67,6.92,5.28,5.73,7.27,18.02,18.73,27.21
3,1,48,48,Vernier,9.02,6.85,7.97,8.93,7.05,8.01,24.94,25.11,39.84,5.62,6.31,7.06,5.44,6.06,6.69,19.26,19.33,31.53
3,1,49,49,Vernier,9.03,7.83,7.04,8.3,7.83,7.15,23.56,22.66,38.22,5.72,5.23,6.71,5.9,6.11,6.75,18.14,16.53,29.85
3,1,50,50,Vernier,9.27,6.42,8.04,9.43,6.67,7.95,24.83,25.16,40.21,5.33,5.84,7.24,5.74,6.58,7.43,18.14,19.05,31.89
3,1,51,51,Vernier,8.97,5.23,8.27,9.65,4.58,8.23,24.06,23.93,36.6,6.41,7.27,7.2,6.27,6.6,7.02,19.12,19.75,29.33
3,1,52,52,Vernier,7.86,6.98,8.05,8.12,6.21,7.45,23.01,22.48,37.15,5.02,5.95,6.97,5.18,6.03,6.89,17.52,17.62,28.75
3,1,53,53,Vernier,8.35,7.09,8.17,8.55,7.19,7.95,21.74,21.84,35.35,5.15,5.82,7.15,5.11,5.92,7.03,18.78,17.26,29.37
3,1,54,54,Vernier,8.11,6.56,6.85,7.57,6.12,7.73,23.65,23.05,36.73,4.87,5.86,7.04,5.14,6.12,7.07,16.58,16.74,29.03
3,1,55,55,Vernier,7.49,5.12,7.51,7.62,5.22,7.73,21.94,22.15,35.51,5,5.35,5.82,5.02,5.27,5.65,16.8,17.4,27.98
3,1,56,56,Vernier,8.22,6.14,8.24,8.67,5.83,8.14,24.01,24.58,37.47,5.56,5.99,6.64,5.38,5.95,7.19,17.85,17.83,27.27
3,1,57,57,Vernier,8.04,5.27,8.28,8.28,6.87,8.55,24.96,25.05,40.43,5.08,5.7,6.73,5.22,5.14,6.67,17.99,18.11,29.68
3,1,58,58,Vernier,8.13,6.97,7.04,8,6.92,7.25,22.27,22.52,35.81,5.03,5.66,5.99,5.05,5.44,5.86,16.87,17.16,28.44
3,1,59,59,Vernier,8.67,6.73,8.2,8.33,7.46,7.71,23.17,23.68,37.41,5.82,6.05,6.95,5.77,6.39,7.13,17.79,17.65,28.5
3,1,60,60,Vernier,7.65,6.06,7.78,8.17,6.26,7.82,22.39,22.42,36.14,4.36,5.12,6.24,4.66,5.61,5.83,17.52,17.68,27.71
3,1,61,61,Vernier,8.85,7.56,8.69,8.89,7.27,8.26,23.51,24.55,40.36,6.37,6.83,6.29,6.58,5.87,7.24,18.08,18.01,28.23
3,1,62,62,Vernier,9.25,7.12,8.51,8.98,6.27,8.54,24.92,24.74,38.27,5.57,6.21,7.01,5.03,6.27,7.29,19.34,19.63,29.37
3,1,63,63,Vernier,8.44,6.74,7.51,8.19,6.57,8.11,23.77,23.66,38.37,5.45,5.76,6.71,5.24,5.75,5.54,17.28,17.98,30.69
3,1,64,64,Vernier,7.27,5.85,7.37,7.38,6.03,7.44,21.49,21.71,36.24,5.13,4.91,5.92,4.83,5.57,5.97,17.15,17.28,26.27
3,1,65,65,Vernier,7.85,6.44,7.31,8.22,7.03,7.01,22.97,23.5,37.12,5.57,5.25,7.06,5.92,6.18,5.98,16.37,17.27,29.33
3,1,66,66,Vernier,8.98,7.26,7.81,8.85,7.27,7.85,24.77,24.21,38.06,6.02,6.42,7.31,5.49,6.47,6.52,19.98,19.6,30.13
3,1,67,67,Vernier,8.34,6.41,7.94,8.56,6.64,7.98,22.46,22.79,35.96,5.72,6.16,5.67,5.44,6.44,6.26,18.13,17.66,28.26
3,1,68,68,Vernier,8.74,6.98,8.03,8.32,7.36,8.03,24.76,24.55,40.67,5.64,6.5,7.29,6.08,6.55,7.98,17.96,18.69,31.67
3,1,69,69,Vernier,7.88,5.32,7.06,8.29,5.49,7.46,21.93,22.35,35.64,5.45,6.02,6.06,5.41,5.24,5.44,17.11,17.17,26.82
3,1,70,70,Vernier,8.83,6.58,7.69,8.63,6.56,7.24,23.94,23.63,38.38,5.46,5.41,6.26,5.44,5.85,6.65,18.04,17.47,27.96
3,1,71,71,Vernier,8.39,6.71,7.34,7.67,6.07,7.51,23.61,22.75,37.6,4.89,5.69,6.81,4.94,5.47,6.89,17.56,17.13,29.05
3,1,72,72,Vernier,9.14,7.83,8.27,8.86,7.75,8.34,22.19,22.96,38.81,5.47,6.04,6.6,5.26,4.84,6.55,17.15,17.95,30.16
3,1,73,73,Vernier,8.21,6.9,8.09,7.52,6.89,7.71,22.55,21.97,36.17,5.28,6.21,6.91,5.39,6.23,6.98,17.21,18.18,28.7
3,1,74,74,Vernier,9.06,6.8,7.39,8.99,6.91,7.08,24.21,23.67,36.61,5.74,6.54,6.26,5.73,6.27,6.75,18.93,17.94,28.91
3,1,75,75,Vernier,7.81,6.28,7.39,7.66,5.56,7.39,20.77,21.18,33.72,5.54,6.08,6.64,5.68,6.07,6.44,15.74,17.64,27.52
3,1,76,76,Vernier,9.29,6.93,7.56,8.57,6.75,7.76,23.93,21.97,37.07,5.43,5.91,6.13,5.57,6.11,6.67,17.33,17.59,30.4
3,1,77,77,Vernier,8.27,6.11,7.66,8.13,6.02,7.91,23.27,23.17,36.74,5.19,5.65,6.11,5.11,5.42,6.18,16.66,17.43,25.27
3,1,78,78,Vernier,8.52,5.92,7.22,8.54,5.79,7.42,23.04,23.22,36.51,5.28,5.62,6.55,5.18,4.32,6.16,16.78,17.17,28.23
3,1,79,79,Vernier,8.08,6.82,0,8.06,6.54,7.64,0,23.12,0,4.98,6.05,6.45,5.27,5.98,6.63,16.83,17.58,26.82
3,1,80,80,Vernier,8.18,6.72,7.79,8.18,6.93,7.83,22.16,22.28,36.21,4.96,6.55,5.86,5,6.07,6.61,16.95,16.72,27.42
3,1,81,81,Vernier,8.28,6.32,6.82,8.05,6.87,7.74,23.56,23.29,23.39,4.94,6.08,6.44,5.24,5.63,6.34,17.72,17.61,29.05
3,1,82,82,Vernier,9.71,7.97,8.57,10.03,7.99,9.01,27.14,27.23,40.78,5.54,6.34,7.73,5.71,6.8,7.47,19.73,20.16,28.91
3,1,83,83,Vernier,8.82,6.92,0,7.87,6.02,8,0,22.83,0,5.4,6.12,6.77,5.04,6.18,6.88,17.83,18.42,31.6
3,1,84,84,Vernier,8.75,7.57,8.83,8.74,7.61,8.95,25.83,25.91,44.17,6.04,6.61,8.09,5.78,6.75,8.25,18.13,19.08,32.56
3,1,85,85,Vernier,8.54,5.74,7.48,8.38,5.74,7.18,22.74,22.82,36.08,5.71,6.29,5.74,5.96,6.45,5.43,17.54,17.51,28.23
3,1,86,86,Vernier,7.94,6.94,7.18,7.23,6.72,7.53,21.55,21.26,35.38,5.25,5.26,6.58,5.04,5.07,6.58,16.27,16.54,27.42
3,1,87,87,Vernier,7.76,7.53,7.71,8.51,6.92,7.98,23.95,23.73,37.29,5.85,6.22,7.39,5.57,6.08,7.43,18.35,18.73,29.36
3,1,88,88,Vernier,8.04,6.88,8.43,8.92,7.29,8.27,22.88,23.46,40.25,5.78,6.21,7.28,6.07,6.67,7.23,17.71,16.52,30.41
3,1,89,89,Vernier,8.43,7.53,8.02,8.31,7.54,7.71,24.63,24.34,38.43,5.95,6.31,6.98,5.74,6.22,6.03,16.63,18.12,28.85
3,1,90,90,Vernier,7.84,6.46,7.71,7.61,5.96,7.86,19.63,19.75,31.29,5.27,5.71,6.68,5.16,5.88,6.33,15.36,16.23,26.17
3,1,,91,Vernier,8.23,7.11,8.04,7.96,7.18,7.96,19.27,22.82,36.12,5.56,6.02,7.02,5.41,5.85,6.88,15.09,14.75,26.28
3,1,,92,Vernier,8.88,7.67,8.03,8.93,7.73,8.18,23.97,23.57,38.36,5.53,6.22,7.36,5.26,6.31,7.32,17.72,18,29.58
3,1,,93,Vernier,6.86,5.74,7.06,6.51,6.74,6.62,23.37,21.91,37.32,4.84,5.59,6.65,5.29,5.67,6.63,17.63,18.36,31.23
3,1,,94,Vernier,8.64,8.17,8.42,9.03,8.08,8.68,26.08,25.82,42.26,5.91,6.34,7.64,5.83,6.69,7.41,17.79,18.29,30.92
3,1,,95,Vernier,8.51,6.71,7.59,8.62,6.88,7.97,22.82,22.71,36.02,5.45,6.01,6.61,5.47,6.12,6.95,16.84,17.55,26.71
3,1,,96,Vernier,8.97,7.97,8.04,9.2,7.92,7.62,24.53,24.6,39.03,5.99,6.4,7.56,6.07,6.49,6.68,18.23,18.34,29.12
3,1,,97,Vernier,8.15,6.84,7.82,8.02,7.26,7.79,22.47,22.48,35.18,5.21,5.51,6.42,5.11,5.81,7.08,17.76,18.06,28.19
3,1,,98,Vernier,8.91,4.65,8.26,9.16,5.61,7.98,23.24,20.76,34.14,5.65,6.38,7.17,5.64,6.33,7.13,18.34,18.15,30.53
3,1,,99,Vernier,8.88,7.26,7.73,8.91,6.62,7.78,22.28,23.41,34.78,5.66,6.27,7.45,5.42,4.89,7.27,17.31,16.67,27.26
3,1,,100,Vernier,8.63,6.18,7.44,8.98,6.42,7.88,22.48,21.59,34.54,4.95,5.41,5.97,4.98,4.82,6.33,16.07,14.72,25.92
3,1,,101,Vernier,8.73,6.35,7.55,9.13,6.42,7.98,23.05,21.34,34.73,5.63,5.21,6.87,5.31,5.75,6.43,16.08,16.57,28.26
3,1,,102,Vernier,9.13,8.33,7.91,9.03,8.18,7.96,25.56,25.38,38.84,5.74,6.02,6.18,5.72,6.03,6.81,19.12,18.64,30.61
3,1,,103,Vernier,8.12,7.91,8.28,9.04,7.67,8.26,24.37,24.86,40.82,5.56,6.14,6.83,5.54,6.45,7.34,19.57,18.87,33.21
3,1,,104,Vernier,7.96,7.22,8.55,8.61,6.84,8.09,24.74,23.73,38.5,5.04,6.2,7.77,5.29,6.07,7.69,17.8,18.33,30.43
3,1,,105,Vernier,8.12,5.56,8.32,8.1,6.13,8.34,23.12,22.94,37.17,4.97,5.62,6.77,4.91,5.54,6.08,16.67,16.96,28.22
3,1,,106,Vernier,9.57,7.11,8.64,9.55,6.79,8.82,24.99,25.6,40.42,5.39,6.16,7.56,5.44,6.32,6.8,18.27,18.93,31.25
3,1,,107,Vernier,9.08,7.28,7.23,8.37,7.12,7.07,24.84,23.77,39.09,5.69,6.05,7.36,6.01,5.96,7.28,19.17,17.67,30.38
3,1,,108,Vernier,9.92,6.24,8.06,9.75,6.11,8.14,25.61,25.76,38.03,6.33,7.02,7.01,5.73,6.59,7.12,18.98,19.09,31.18
3,1,,109,Vernier,7.44,6.94,6.06,7.71,6.22,6.77,20.59,21.51,33.71,4.95,6.15,6.21,5.07,6.61,6.71,16.41,17.67,27.02
3,1,,110,Vernier,8.34,4.91,8.26,8.72,5.23,8.39,23.72,24.51,39.88,5.16,6.46,7.02,4.93,6.26,6.42,17.87,17.94,26.86
3,1,,111,Vernier,8.44,7.83,6.93,8.31,7.7,6.87,23.01,22.38,38.09,5.77,5.64,6.58,5.54,5.94,6.73,17.55,16.62,29.87
3,1,,112,Vernier,8.91,6.61,8.32,8.86,6.14,8.12,24.33,24.53,40.91,5.38,6.39,6.43,5.52,6.15,7.73,18.39,19.07,30.66
3,1,,113,Vernier,9.12,7.86,7.48,8.89,7.61,8.15,25.07,24.84,40.11,5.29,5.53,6.24,5.24,5.65,5.79,17.82,17.86,30.48
3,1,,114,Vernier,8.61,5.65,7.53,8.61,6.43,7.99,23.24,22.68,36.99,5.3,6.13,5.74,5.03,5.86,6.34,15.53,17.08,27.75
3,1,,115,Vernier,8.21,6.88,7.01,8.48,7.47,7.47,23.76,22.99,37.44,5.19,5.73,6.47,5.41,6.04,6.49,16.23,16.72,28.14
3,1,,116,Vernier,8.56,6.19,7.49,8.41,5.74,8.26,23.03,22.25,35.06,5.24,5.78,6.77,4.82,6.07,6.14,17.63,17.34,28.68
3,1,,117,Vernier,8.38,6.05,6.3,8.91,5.57,6.33,21.84,20.92,34.73,5.8,5.75,7.04,5.62,6.32,6.81,15.78,16.79,27.53
3,1,,118,Vernier,8.31,6.83,7.97,8.08,6.39,8.03,22.04,22.75,38.75,5.09,6.46,7.22,5.94,6.43,7.14,16.84,17.95,28.53
3,1,,119,Vernier,8.34,6.72,7.45,7.77,5.61,7.16,22.71,22.13,36.82,5.48,6.03,6.77,5.49,6.19,6.56,18.28,18.12,30.55
3,1,,120,Vernier,8.56,7.27,7.97,8.46,6.65,8.17,23.78,23.16,37.66,5.42,6.43,6.79,5.72,6.34,6.78,18.34,19.02,31.88
3,1,,121,Vernier,8.17,6.88,9.07,8.35,6.9,9.03,25.16,25.19,39.23,6.41,6.42,7.13,6.18,6.77,7.26,19.75,19.48,31.98
3,1,,122,Vernier,8.86,6.67,8.05,8.82,5.95,7.18,23.25,22.57,34.67,5.24,5.61,6.39,4.95,5.47,6.08,17.34,17.75,27.73
3,1,,123,Vernier,8.06,6.96,8.09,7.89,6.61,8.24,22.86,23.53,38.17,5.65,6.48,7.03,5.68,6.44,7.03,17.87,17.99,29.25
3,1,,124,Vernier,7.58,6.05,8.27,7.73,6.06,7.91,22.47,22.92,35.78,5.35,5.79,6.66,5.14,5.88,6.72,17.18,17.18,28.63
3,1,,125,Vernier,8.67,6.87,8.32,8.81,6.77,7.89,23.7,23.63,37.37,5.92,6.38,6.56,5.93,6.19,7.02,19.07,18.93,30.38
3,1,,126,Vernier,8.55,5.91,7.46,8.06,5.94,7.45,21.87,22.03,35.72,5.16,6.36,6.55,5.28,5.63,6.46,16.66,17.36,28.23
3,1,,127,Vernier,8.94,6.12,7.72,9.31,6.51,7.87,23.31,23.38,36.67,4.96,5.63,5.66,5.37,5.94,6.37,17.57,17.57,27.13
3,1,,128,Vernier,8.53,7.63,8.31,8.81,7.18,7.93,24.55,24.69,38.51,5.72,6.14,6.95,5.87,6.22,6.67,19.22,19.28,30.91
3,1,,129,Vernier,8.57,7.72,6.91,9.43,7.46,7.37,23.89,23.81,37.54,4.94,6.26,6.72,5.02,5.71,6.72,18.24,17.46,27.11
3,1,,130,Vernier,8.62,6.46,8.24,8.39,7.15,8.35,24.04,24.35,39.53,6.02,6.96,6.12,6.95,5.92,7.09,19.16,21.16,30.67
