"hemiarcada","ID","fuente","Sexo","Edad","Estatura","Lugar_origen","arco","cuerda_medida","cuerda_geometrica","Tmin_med","Tmax_med","acierto_med","Tmin_geo","Tmax_geo","acierto_geo"
"H3","1","Mediciones_Estatura","F",21,1.6,"CDMX",19.02,18.83,17.894,1.775,1.793,0,1.686,1.793,0
"H3","2","Mediciones_Estatura","F",21,1.56,"CDMX",16.68,17.01,15.647,1.572,1.603,0,1.475,1.572,1
"H3","3","datos_limpios_validados","F",25,1.67,"Ciudad de México",16.665,16.865,15.823,1.571,1.589,0,1.491,1.571,0
"H3","4","Mediciones_Estatura","F",21,1.5,"Estado de México",16.28,15.31,15.282,1.443,1.534,1,1.44,1.534,1
"H3","5","Mediciones_Estatura","F",21,1.68,"CDMX",17.27,17.51,16.567,1.628,1.65,0,1.561,1.628,0
"H3","6","Mediciones_Estatura","M",21,1.76,"CDMX",16.73,17.15,15.763,1.577,1.616,0,1.486,1.577,0
"H3","7","Mediciones_Estatura","F",21,1.59,"CDMX",17.02,15.92,15.995,1.5,1.604,1,1.508,1.604,1
"H3","8","Mediciones_Estatura","F",NA,1.56,"-",19.14,17.74,17.665,1.672,1.804,0,1.665,1.804,0
"H3","9","Mediciones_Estatura","F",21,1.54,"CDMX",18.52,18.96,17.758,1.745,1.787,0,1.674,1.745,0
"H3","10","Mediciones_Estatura","F",21,1.59,"Estado de México",18.42,17.16,17.196,1.617,1.736,0,1.621,1.736,0
"H3","11","Mediciones_Estatura","F",20,1.5,"Estado de México",18.49,17.7,17.329,1.668,1.743,0,1.633,1.743,0
"H3","12","Mediciones_Estatura","F",21,1.57,"CDMX",17.93,16.84,16.455,1.587,1.69,0,1.551,1.69,1
"H3","13","Mediciones_Estatura","F",22,1.5,"CDMX",17.65,15.92,16.3,1.5,1.663,0,1.536,1.663,0
"H3","14","datos_limpios_validados","F",20,1.5,"Estado de México",18.71,19.105,17.75,1.763,1.801,0,1.673,1.763,0
"H3","15","Mediciones_Estatura","M",21,1.61,"Estado de México",20.04,18.01,18.757,1.697,1.889,0,1.768,1.889,0
"H3","16","Mediciones_Estatura","F",18,1.53,"CDMX",18.35,18.16,17.198,1.712,1.729,0,1.621,1.729,0
"H3","18","datos_limpios_validados","M",21,1.61,"Estado de México",18.63,17.885,17.594,1.686,1.756,0,1.658,1.756,0
"H3","19","Mediciones_Estatura","F",19,1.61,"Querétaro",17.48,17.65,16.241,1.647,1.663,0,1.531,1.647,1
"H3","20","Mediciones_Estatura","F",19,1.45,"Estado de México",17.27,15.91,16.215,1.499,1.628,0,1.528,1.628,0
"H3","21","Mediciones_Estatura","M",18,1.78,"Estado de México",14.92,15.43,14.361,1.406,1.454,0,1.353,1.406,0
"H3","22","Mediciones_Estatura","F",19,1.61,"CDMX",16.08,16,15.09,1.508,1.516,0,1.422,1.516,0
"H3","23","Mediciones_Estatura","F",30,1.57,"CDMX",19.31,18.87,18.12,1.778,1.82,0,1.708,1.82,0
"H3","24","Mediciones_Estatura","F",23,1.56,"CDMX",16.43,17.47,15.481,1.548,1.647,1,1.459,1.548,0
"H3","25","Mediciones_Estatura","F",19,1.57,"CDMX",19.88,17.5,18.357,1.649,1.874,0,1.73,1.874,0
"H3","26","Mediciones_Estatura","F",18,1.55,"Estado de México",17.82,17.08,16.556,1.61,1.679,0,1.56,1.679,0
"H3","27","datos_limpios_validados","F",30,1.57,"Ciudad de México",18.345,18.095,17.177,1.705,1.729,0,1.619,1.729,0
"H3","32","Mediciones_Estatura","F",20,1.67,"CDMX",18.5,17.83,16.958,1.68,1.744,0,1.598,1.744,1
"H3","33","Mediciones_Estatura","F",19,1.62,"CDMX",17.61,17.58,16.74,1.657,1.66,0,1.578,1.66,1
"H3","34","Mediciones_Estatura","F",21,1.56,"CDMX",17.04,17.9,16.109,1.606,1.687,0,1.518,1.606,1
"H3","35","Mediciones_Estatura","F",23,1.51,"Estado de México",19.34,18.42,17.986,1.736,1.823,0,1.695,1.823,0
"H3","50","datos_limpios_validados","F",42,1.68,"Ciudad de México",19.815,18.74,18.773,1.766,1.868,0,1.769,1.868,0
"H3","55","datos_limpios_validados","F",20,1.55,"Ciudad de México",16.4,17.26,15.687,1.546,1.627,1,1.478,1.546,0
"H3","60","datos_limpios_validados","F",20,1.59,"Ciudad de México",16.99,17.355,16.196,1.601,1.636,0,1.526,1.601,1
"H3","69","Mediciones_Estatura","M",18,1.71,"Estado de México",17.08,17.23,15.946,1.61,1.624,0,1.503,1.61,0
"H3","70","Mediciones_Estatura","M",18,1.61,"CDMX",18.22,16.96,16.918,1.598,1.717,1,1.595,1.717,1
"H3","71","datos_limpios_validados","F",19,1.52,"Ciudad de México",17.29,17.54,16.614,1.63,1.653,0,1.566,1.63,0
"H3","72","Mediciones_Estatura","F",18,1.61,"CDMX",17.82,18.3,16.922,1.679,1.725,0,1.595,1.679,1
"H3","76","datos_limpios_validados","F",56,1.56,"Ciudad de México",18.56,15.195,17.329,1.432,1.749,1,1.633,1.749,0
"H3","79","datos_limpios_validados","M",19,1.63,"Estado de México",17.635,17.55,16.312,1.654,1.662,0,1.537,1.662,1
"H3","95","datos_limpios_validados","F",19,1.67,"Ciudad de México",18.42,17.21,16.953,1.622,1.736,1,1.598,1.736,1
"H3","116","datos_limpios_validados","M",22,1.71,"Ciudad de México",17.625,17.19,16.306,1.62,1.661,0,1.537,1.661,0
"H3","130","datos_limpios_validados","F",44,1.71,"Ciudad de México",20.135,21.145,18.844,1.898,1.993,0,1.776,1.898,0
"H3","9014","Mediciones_Estatura","F",20,1.42,"CDMX",17.75,17.55,16.977,1.654,1.673,0,1.6,1.673,0
"H3","9018","Mediciones_Estatura","F",20,1.57,"Estado de México",18.71,17.23,17.592,1.624,1.763,0,1.658,1.763,0
"H3","9027","Mediciones_Estatura","F",18,1.54,"Estado de México",18,18.36,16.861,1.696,1.73,0,1.589,1.696,0
"H3","9071","Mediciones_Estatura","M",18,1.55,"CDMX",17.12,17.47,16.37,1.614,1.647,0,1.543,1.614,1
"H3","sin codigo","Mediciones_Estatura","M",22,1.6,"Estado de México",18.96,19.07,17.56,1.787,1.797,0,1.655,1.787,0
"H3","sin codigo","Mediciones_Estatura","F",21,1.64,"Estado de México",17.82,17.7,16.487,1.668,1.679,0,1.554,1.679,1
"H3","sin codigo","Mediciones_Estatura","F",19,1.56,"CDMX",19.26,19.15,17.92,1.805,1.815,0,1.689,1.815,0
"H3","sin codigo","Mediciones_Estatura","F",19,1.55,"CDMX",19.07,17.71,17.198,1.669,1.797,0,1.621,1.797,0
"H3","sin codigo","Mediciones_Estatura","F",18,1.5,"CDMX",17.43,18.24,16.636,1.643,1.719,0,1.568,1.643,0
"H4","1","Mediciones_Estatura","F",21,1.6,"CDMX",18.22,19.01,17.229,1.717,1.792,0,1.624,1.717,0
"H4","2","Mediciones_Estatura","F",21,1.56,"CDMX",17.35,15,16.189,1.414,1.635,1,1.526,1.635,1
"H4","3","datos_limpios_validados","F",25,1.67,"Ciudad de México",17.465,17.195,16.497,1.621,1.646,0,1.555,1.646,0
"H4","4","Mediciones_Estatura","F",21,1.5,"Estado de México",15.89,16.49,14.961,1.498,1.554,1,1.41,1.498,0
"H4","5","Mediciones_Estatura","F",21,1.68,"CDMX",17.14,18,16.453,1.615,1.696,1,1.551,1.615,0
"H4","6","Mediciones_Estatura","M",21,1.76,"CDMX",16.43,16.65,15.513,1.548,1.569,0,1.462,1.548,0
"H4","7","Mediciones_Estatura","F",21,1.59,"CDMX",18.16,16.05,16.918,1.513,1.712,1,1.595,1.712,0
"H4","8","Mediciones_Estatura","F",NA,1.56,"-",19.49,16.83,17.934,1.586,1.837,0,1.69,1.837,0
"H4","9","Mediciones_Estatura","F",21,1.54,"CDMX",19.05,17.79,18.221,1.677,1.795,0,1.717,1.795,0
"H4","10","Mediciones_Estatura","F",21,1.59,"Estado de México",19.03,16.41,17.682,1.547,1.794,1,1.667,1.794,0
"H4","11","Mediciones_Estatura","F",20,1.5,"Estado de México",18.45,16.93,17.296,1.596,1.739,0,1.63,1.739,0
"H4","12","Mediciones_Estatura","F",21,1.57,"CDMX",17.77,17.38,16.333,1.638,1.675,0,1.539,1.675,1
"H4","13","Mediciones_Estatura","F",22,1.5,"CDMX",17.17,15.66,15.926,1.476,1.618,1,1.501,1.618,0
"H4","14","datos_limpios_validados","F",20,1.5,"Estado de México",18.755,18.25,17.788,1.72,1.768,0,1.676,1.768,0
"H4","15","Mediciones_Estatura","M",21,1.61,"Estado de México",20.42,18.43,19.064,1.737,1.925,0,1.797,1.925,0
"H4","16","Mediciones_Estatura","F",18,1.53,"CDMX",18.88,18.31,17.627,1.726,1.779,0,1.661,1.779,0
"H4","17","Mediciones_Estatura","F",18,1.6,"CDMX",17.05,17.56,16.34,1.607,1.655,0,1.54,1.607,1
"H4","18","datos_limpios_validados","M",21,1.61,"Estado de México",18.62,18.73,17.586,1.755,1.765,0,1.657,1.755,0
"H4","19","Mediciones_Estatura","F",19,1.61,"Querétaro",17.65,17.82,16.375,1.663,1.679,0,1.543,1.663,1
"H4","20","Mediciones_Estatura","F",19,1.45,"Estado de México",16.87,16.51,15.886,1.556,1.59,0,1.497,1.59,0
"H4","21","Mediciones_Estatura","M",18,1.78,"Estado de México",15.4,15.51,14.785,1.451,1.462,0,1.393,1.451,0
"H4","22","Mediciones_Estatura","F",19,1.61,"CDMX",16.52,15,15.448,1.414,1.557,0,1.456,1.557,0
"H4","23","Mediciones_Estatura","F",30,1.57,"CDMX",19.17,17.27,18.006,1.628,1.807,0,1.697,1.807,0
"H4","24","Mediciones_Estatura","F",23,1.56,"CDMX",18.47,16.79,17.128,1.582,1.741,0,1.614,1.741,0
"H4","25","Mediciones_Estatura","F",19,1.57,"CDMX",19.45,18.83,18.022,1.775,1.833,0,1.699,1.833,0
"H4","27","datos_limpios_validados","F",30,1.57,"Ciudad de México",18.64,17.74,17.416,1.672,1.757,0,1.641,1.757,0
"H4","32","Mediciones_Estatura","F",20,1.67,"CDMX",19.48,17.62,17.685,1.661,1.836,1,1.667,1.836,1
"H4","33","Mediciones_Estatura","F",19,1.62,"CDMX",17.44,17.3,16.595,1.63,1.644,0,1.564,1.644,1
"H4","34","Mediciones_Estatura","F",21,1.56,"CDMX",16.71,17.15,15.831,1.575,1.616,0,1.492,1.575,1
"H4","35","Mediciones_Estatura","F",23,1.51,"Estado de México",19.05,17.85,17.755,1.682,1.795,0,1.673,1.795,0
"H4","50","datos_limpios_validados","F",42,1.68,"Ciudad de México",18.87,18.075,17.969,1.704,1.778,0,1.694,1.778,0
"H4","55","datos_limpios_validados","F",20,1.55,"Ciudad de México",16.62,16.775,15.878,1.566,1.581,0,1.496,1.566,1
"H4","60","datos_limpios_validados","F",20,1.59,"Ciudad de México",17.135,17.235,16.32,1.615,1.624,0,1.538,1.615,1
"H4","69","Mediciones_Estatura","M",18,1.71,"Estado de México",17.66,16.98,16.408,1.6,1.664,0,1.546,1.664,0
"H4","70","Mediciones_Estatura","M",18,1.61,"CDMX",18.06,18.12,16.792,1.702,1.708,0,1.583,1.702,1
"H4","71","datos_limpios_validados","F",19,1.52,"Ciudad de México",17.235,17.445,16.565,1.624,1.644,0,1.561,1.624,0
"H4","72","Mediciones_Estatura","F",18,1.61,"CDMX",17.86,17.4,16.956,1.64,1.683,0,1.598,1.683,1
"H4","76","datos_limpios_validados","F",56,1.56,"Ciudad de México",17.97,17.83,16.851,1.68,1.694,0,1.588,1.694,0
"H4","79","datos_limpios_validados","M",19,1.63,"Estado de México",17.79,16.96,16.432,1.598,1.677,1,1.549,1.677,1
"H4","95","datos_limpios_validados","F",19,1.67,"Ciudad de México",18.175,17.235,16.765,1.624,1.713,1,1.58,1.713,1
"H4","116","datos_limpios_validados","M",22,1.71,"Ciudad de México",17.73,17.43,16.388,1.643,1.671,0,1.545,1.671,0
"H4","130","datos_limpios_validados","F",44,1.71,"Ciudad de México",20.655,19.95,19.263,1.88,1.947,0,1.816,1.947,0
"H4","9014","Mediciones_Estatura","F",20,1.42,"CDMX",19,17.95,18.053,1.692,1.791,0,1.701,1.791,0
"H4","9018","Mediciones_Estatura","F",20,1.57,"Estado de México",18.34,18.39,17.286,1.729,1.733,0,1.629,1.729,0
"H4","9027","Mediciones_Estatura","F",18,1.54,"Estado de México",17.84,17.84,16.731,1.681,1.681,0,1.577,1.681,0
"H4","9071","Mediciones_Estatura","M",18,1.55,"CDMX",17.01,17.74,16.274,1.603,1.672,0,1.534,1.603,1
"H4","sin codigo","Mediciones_Estatura","F",22,1.67,"Guanajuato",19.41,19.7,18.077,1.829,1.857,0,1.704,1.829,0
"H4","sin codigo","Mediciones_Estatura","M",22,1.6,"Estado de México",18.59,19.06,17.269,1.752,1.796,0,1.628,1.752,0
"H4","sin codigo","Mediciones_Estatura","F",21,1.64,"Estado de México",17.75,17.76,16.432,1.673,1.674,0,1.549,1.673,1
"H4","sin codigo","Mediciones_Estatura","F",19,1.56,"CDMX",18.64,18.66,17.424,1.757,1.759,0,1.642,1.757,0
"H4","sin codigo","Mediciones_Estatura","F",19,1.55,"CDMX",19.51,14.98,17.508,1.412,1.839,1,1.65,1.839,0
"H4","sin codigo","Mediciones_Estatura","F",18,1.5,"CDMX",16.43,18.04,15.764,1.548,1.7,0,1.486,1.548,1
