"hemiarcada","ID","Sexo","Edad","Estatura","Origen","arco","cuerda_medida","cuerda_geometrica","Tmin_med","Tmax_med","acierto_med","Tmin_geo","Tmax_geo","acierto_geo"
"H3",1,"F",21,1.6,"Ciudad de México",18.597,18.78,17.614,1.753,1.77,0,1.66,1.753,0
"H3",2,"F",21,1.56,"Ciudad de México",17.2,16.9,16.024,1.593,1.621,0,1.51,1.621,1
"H3",3,"F",25,1.67,"Ciudad de México",17.563,17.523,16.693,1.652,1.655,0,1.573,1.655,0
"H3",4,"F",22,1.67,"Guanajuato",16.1,15.61,15.21,1.471,1.517,0,1.434,1.517,0
"H3",5,"F",21,1.5,"Estado de México",17.253,17.397,16.588,1.626,1.64,0,1.563,1.626,0
"H3",6,"F",21,1.68,"Ciudad de México",16.33,16.933,15.481,1.539,1.596,0,1.459,1.539,0
"H3",7,"M",22,1.6,"Estado de México",16.693,16.007,15.76,1.509,1.573,0,1.485,1.573,0
"H3",8,"M",21,1.76,"Ciudad de México",18.96,17.283,17.584,1.629,1.787,1,1.657,1.787,1
"H3",9,"F",21,1.59,"Ciudad de México",19.037,18.587,18.147,1.752,1.794,0,1.71,1.794,0
"H3",10,"F",NA,1.56,NA,18.123,17.46,16.974,1.646,1.708,0,1.6,1.708,0
"H3",11,"F",21,1.54,"Ciudad de México",18.097,16.863,17.041,1.589,1.706,0,1.606,1.706,0
"H3",12,"F",21,1.59,"Estado de México",17.61,16.4,16.201,1.546,1.66,1,1.527,1.66,1
"H3",13,"F",21,1.64,"Estado de México",17.137,15.367,15.949,1.448,1.615,0,1.503,1.615,0
"H3",14,"F",20,1.5,"Estado de México",17.087,17.19,16.526,1.61,1.62,0,1.558,1.61,0
"H3",15,"F",21,1.57,"Ciudad de México",19.49,17.833,18.351,1.681,1.837,0,1.73,1.837,0
"H3",16,"F",22,1.5,"Ciudad de México",17.68,17.68,16.695,1.666,1.666,0,1.573,1.666,0
"H3",17,"F",20,1.42,"Ciudad de México",16.33,17.087,15.653,1.539,1.61,0,1.475,1.539,0
"H3",18,"M",21,1.61,"Estado de México",18.52,17.257,17.537,1.626,1.745,0,1.653,1.745,0
"H3",19,"F",18,1.53,"Ciudad de México",16.767,17.19,15.77,1.58,1.62,0,1.486,1.58,1
"H3",20,"F",18,1.6,"Ciudad de México",17.863,15.883,16.745,1.497,1.684,1,1.578,1.684,1
"H3",21,"F",19,1.56,"Ciudad de México",14.85,15.223,14.309,1.4,1.435,0,1.349,1.4,0
"H3",22,"F",20,1.57,"Estado de México",15.773,15.323,14.851,1.444,1.487,0,1.4,1.487,0
"H3",23,"F",19,1.61,"Querétaro",18.78,18.487,17.793,1.742,1.77,0,1.677,1.77,0
"H3",24,"F",19,1.45,"Estado de México",17.327,16.527,16.263,1.558,1.633,0,1.533,1.633,0
"H3",25,"M",18,1.78,"Estado de México",19.43,17.857,18.146,1.683,1.831,1,1.71,1.831,1
"H3",26,"F",19,1.61,"Ciudad de México",17.75,16.61,16.701,1.565,1.673,1,1.574,1.673,1
"H3",27,"F",30,1.57,"Ciudad de México",18.087,17.79,17.248,1.677,1.705,0,1.626,1.705,0
"H3",28,"F",23,1.56,"Ciudad de México",21.095,18.395,19.313,1.734,1.988,0,1.82,1.988,0
"H3",29,"F",19,1.57,"Ciudad de México",18.835,18.54,17.952,1.747,1.775,0,1.692,1.775,0
"H3",30,"F",18,1.55,"Estado de México",16.76,15.425,16.171,1.454,1.58,1,1.524,1.58,1
"H3",31,"F",18,1.54,"Estado de México",19.27,15.415,17.297,1.453,1.816,1,1.63,1.816,0
"H3",32,"M",18,1.71,"Estado de México",17.787,16.96,16.557,1.598,1.676,0,1.56,1.676,0
"H3",33,"M",18,1.61,"Ciudad de México",17.067,17.297,16.405,1.609,1.63,1,1.546,1.609,0
"H3",34,"M",18,1.55,"Ciudad de México",17.143,17.233,16.26,1.616,1.624,0,1.532,1.616,1
"H3",35,"F",18,1.61,"Ciudad de México",19.023,18.01,17.771,1.697,1.793,0,1.675,1.793,0
"H3",36,"F",20,1.67,"Ciudad de México",19.403,18.58,18.215,1.751,1.829,0,1.717,1.829,0
"H3",37,"F",19,1.62,"Ciudad de México",16.703,16.603,15.751,1.565,1.574,0,1.485,1.574,0
"H3",38,"F",21,1.56,"Ciudad de México",17.53,17.893,16.514,1.652,1.686,0,1.556,1.652,1
"H3",39,"F",19,1.55,"Ciudad de México",19.883,18.997,18.683,1.79,1.874,0,1.761,1.874,0
"H3",40,"F",23,1.51,"Estado de México",18.19,16.207,16.769,1.527,1.714,0,1.58,1.714,0
"H3",41,"F",18,1.5,"Ciudad de México",18.783,18.947,18.077,1.77,1.786,0,1.704,1.77,0
"H3",42,"M",19,1.9,"Ciudad de México",18.14,17.873,17.161,1.685,1.71,0,1.617,1.71,0
"H3",43,"F",18,1.7,"Estado de México",20.303,17.983,18.71,1.695,1.914,1,1.763,1.914,0
"H3",45,"F",18,1.58,"Ciudad de México",17.087,17.147,16.171,1.61,1.616,0,1.524,1.61,1
"H3",46,"F",19,1.6,"Ciudad de México",18.25,17.877,17.362,1.685,1.72,0,1.636,1.72,0
"H3",47,"M",18,1.62,"Ciudad de México",18.487,18.45,17.21,1.739,1.742,0,1.622,1.742,0
"H3",48,"M",18,1.63,"Querétaro",18.76,18.86,17.953,1.768,1.778,0,1.692,1.768,0
"H3",49,"F",19,1.63,"Ciudad de México",18.707,16.92,17.779,1.595,1.763,1,1.676,1.763,0
"H3",50,"F",42,1.68,"Ciudad de México",19.127,18.883,18.37,1.78,1.803,0,1.731,1.803,0
"H3",51,"F",23,1.56,"Ciudad de México",20.353,18.887,18.82,1.78,1.918,0,1.774,1.918,0
"H3",52,"F",21,1.65,"Ciudad de México",17.967,17.527,17.07,1.652,1.693,0,1.609,1.693,1
"H3",53,"F",22,1.68,"Ciudad de México",18.277,17.113,17.482,1.613,1.723,1,1.648,1.723,1
"H3",54,"F",20,1.61,"Estado de México",18.387,16.597,17.444,1.564,1.733,1,1.644,1.733,0
"H3",55,"F",20,1.55,"Ciudad de México",16.243,17.253,15.618,1.531,1.626,1,1.472,1.531,0
"H3",56,"F",20,1.54,"Ciudad de México",18.585,17.8,17.249,1.678,1.752,0,1.626,1.752,0
"H3",57,"M",19,1.89,"Ciudad de México",17.575,18.395,17.07,1.656,1.734,0,1.609,1.656,0
"H3",58,"F",20,1.57,"Ciudad de México",16.525,16.855,16.005,1.557,1.589,1,1.508,1.557,0
"H3",59,"F",32,1.57,"Puebla",19.22,18.18,18.218,1.713,1.811,0,1.717,1.811,0
"H3",60,"F",20,1.59,"Ciudad de México",16.3,17.47,15.869,1.536,1.647,1,1.496,1.536,0
"H3",61,"F",19,1.53,"Ciudad de México",19.65,18.08,18.381,1.704,1.852,0,1.732,1.852,0
"H3",62,"F",18,1.69,NA,18.865,19.525,17.878,1.778,1.84,0,1.685,1.778,1
"H3",63,"F",19,1.61,"Ciudad de México",17.07,17.855,16.631,1.609,1.683,1,1.567,1.609,0
"H3",64,"F",19,1.53,"Ciudad de México",16.495,17.01,15.818,1.555,1.603,0,1.491,1.555,1
"H3",65,"F",22,1.66,"Ciudad de México",18.377,16.967,17.311,1.599,1.732,1,1.632,1.732,1
"H3",66,"M",19,1.72,"Ciudad de México",18.657,19.41,17.606,1.758,1.829,0,1.659,1.758,1
"H3",67,"F",26,1.62,"Estado de México",18.42,17.863,17.426,1.684,1.736,0,1.642,1.736,0
"H3",68,"M",18,1.72,"Estado de México",20.283,18.697,19.14,1.762,1.912,0,1.804,1.912,0
"H3",69,"F",18,1.58,"Ciudad de México",16.687,17.173,15.836,1.573,1.619,1,1.492,1.573,0
"H3",70,"M",18,1.69,"Estado de México",17.902,17.067,16.928,1.608,1.687,0,1.595,1.687,0
"H3",71,"F",19,1.52,"Ciudad de México",17.215,17.297,16.578,1.622,1.63,0,1.562,1.622,0
"H3",72,"F",20,1.51,"Ciudad de México",17.397,17.93,16.659,1.64,1.69,0,1.57,1.64,0
"H3",73,"F",18,1.64,"Ciudad de México",18.373,18.337,17.151,1.728,1.732,0,1.616,1.732,1
"H3",74,"F",27,1.64,"Ciudad de México",18.587,17.757,17.254,1.674,1.752,0,1.626,1.752,1
"H3",75,"F",18,1.5,"Ciudad de México",18.06,17.523,17.28,1.652,1.702,0,1.629,1.702,0
"H3",76,"F",56,1.56,"Ciudad de México",18.48,16.453,17.404,1.551,1.742,1,1.64,1.742,0
"H3",77,"F",19,1.64,"Ciudad de México",16.903,17.337,15.803,1.593,1.634,0,1.489,1.593,0
"H3",78,"M",18,1.7,"Ciudad de México",16.097,16.893,15.454,1.517,1.592,0,1.457,1.517,0
"H3",79,"M",19,1.63,"Estado de México",17.703,17.567,16.402,1.656,1.668,0,1.546,1.668,1
"H3",81,"F",18,1.57,"Ciudad de México",17.32,17.527,16.541,1.632,1.652,0,1.559,1.632,1
"H3",84,"F",18,1.73,"Ciudad de México",20.467,18.773,19.232,1.769,1.929,0,1.813,1.929,0
"H3",87,"M",18,1.75,"Ciudad de México",18.905,18.763,17.761,1.768,1.782,0,1.674,1.782,1
"H3",90,"F",18,1.57,"Ciudad de México",17.36,15.877,16.161,1.496,1.636,1,1.523,1.636,1
"H3",95,"F",19,1.67,"Ciudad de México",18.357,17.513,17.018,1.651,1.73,1,1.604,1.73,1
"H3",96,"F",19,1.7,"Ciudad de México",19.643,17.96,18.279,1.693,1.851,1,1.723,1.851,0
"H3",97,"F",18,1.57,"Ciudad de México",17.953,18.173,16.928,1.692,1.713,0,1.595,1.692,0
"H3",99,"M",19,1.81,"Ciudad de México",17.62,16.587,16.357,1.563,1.661,0,1.542,1.661,0
"H3",102,"F",17,1.51,"Ciudad de México",18.78,18.127,17.81,1.708,1.77,0,1.679,1.77,0
"H3",105,"F",21,1.56,"Ciudad de México",17.02,17.163,16.158,1.604,1.618,0,1.523,1.604,1
"H3",106,"F",19,1.61,"Querétaro",18.707,18.83,17.74,1.763,1.775,0,1.672,1.763,0
"H3",107,"F",43,1.62,"Ciudad de México",19.427,17.633,18.432,1.662,1.831,0,1.737,1.831,0
"H3",108,"F",20,1.67,"Ciudad de México",19.337,19.247,18.198,1.814,1.822,0,1.715,1.822,0
"H3",109,"F",54,1.53,"Michoacán",18.213,17.223,16.853,1.623,1.717,0,1.588,1.717,0
"H3",110,"M",18,1.71,"Estado de México",17.743,17.637,16.538,1.662,1.672,0,1.559,1.672,0
"H3",111,"F",19,1.63,"Ciudad de México",17.687,16.773,16.927,1.581,1.667,1,1.595,1.667,1
"H3",112,"M",20,1.66,"Ciudad de México",19.097,19.227,17.928,1.8,1.812,0,1.69,1.8,0
"H3",113,"M",47,1.75,"Ciudad de México",17.21,17.877,16.672,1.622,1.685,0,1.571,1.622,0
"H3",114,"M",29,1.69,"Ciudad de México",17.367,17.003,16.227,1.603,1.637,0,1.529,1.637,0
"H3",116,"M",22,1.71,"Ciudad de México",17.48,17.16,16.559,1.617,1.647,0,1.561,1.647,0
"H3",117,"F",23,1.59,"Estado de México",18.577,16.873,17.158,1.59,1.751,0,1.617,1.751,0
"H3",118,"F",59,1.51,"Michoacán",19.5,17.84,17.959,1.681,1.838,0,1.693,1.838,0
"H3",119,"F",32,1.56,"Ciudad de México",18.21,18.063,17.277,1.702,1.716,0,1.628,1.716,0
"H3",120,"F",48,1.55,"Michoacán",18.89,19.027,18.078,1.78,1.793,0,1.704,1.78,0
"H3",121,"F",19,1.55,"Ciudad de México",20.033,19.09,18.802,1.799,1.888,0,1.772,1.888,0
"H3",122,"F",27,1.55,"Ciudad de México",16.86,17.533,15.919,1.589,1.652,0,1.5,1.589,1
"H3",123,"M",25,1.74,"Ciudad de México",19.057,17.253,17.83,1.626,1.796,1,1.68,1.796,1
"H3",124,"F",19,1.61,"Ciudad de México",17.86,16.46,16.745,1.551,1.683,1,1.578,1.683,1
"H3",125,"M",18,1.78,"Estado de México",19.013,18.647,17.787,1.757,1.792,1,1.676,1.792,1
"H3",126,"F",19,1.45,"Estado de México",17.443,17.29,16.28,1.63,1.644,0,1.534,1.644,0
"H3",127,"F",31,1.61,"Estado de México",17.603,17.75,16.438,1.659,1.673,0,1.549,1.659,1
"H3",128,"F",25,1.67,"Ciudad de México",18.873,19.083,17.852,1.779,1.799,0,1.682,1.779,0
"H3",129,"F",25,1.58,"Estado de México",17.487,17.617,16.314,1.648,1.66,0,1.538,1.648,1
"H3",130,"F",44,1.71,"Ciudad de México",19.647,21.477,18.441,1.852,2.024,0,1.738,1.852,0
"H4",1,"F",21,1.6,"Ciudad de México",18.3,18.99,17.364,1.725,1.79,0,1.636,1.725,0
"H4",2,"F",21,1.56,"Ciudad de México",17.377,15.497,16.164,1.461,1.638,1,1.523,1.638,1
"H4",3,"F",25,1.67,"Ciudad de México",17.26,18.243,16.433,1.627,1.719,1,1.549,1.627,0
"H4",4,"F",22,1.67,"Guanajuato",16.07,16.343,15.185,1.515,1.54,0,1.431,1.515,0
"H4",5,"F",21,1.5,"Estado de México",16.833,17.577,16.215,1.586,1.657,0,1.528,1.586,0
"H4",6,"F",21,1.68,"Ciudad de México",16.357,16.547,15.504,1.542,1.559,0,1.461,1.542,0
"H4",7,"M",22,1.6,"Estado de México",17.87,16.093,16.728,1.517,1.684,1,1.577,1.684,1
"H4",8,"M",21,1.76,"Ciudad de México",19.417,16.503,17.941,1.555,1.83,1,1.691,1.83,1
"H4",9,"F",21,1.59,"Ciudad de México",19.05,17.857,18.158,1.683,1.795,0,1.711,1.795,0
"H4",10,"F",NA,1.56,NA,18.74,16.037,17.471,1.511,1.766,1,1.647,1.766,0
"H4",11,"F",21,1.54,"Ciudad de México",18.253,16.793,17.17,1.583,1.72,0,1.618,1.72,0
"H4",12,"F",21,1.59,"Estado de México",16.837,16.473,15.603,1.553,1.587,0,1.471,1.587,0
"H4",13,"F",21,1.64,"Estado de México",16.933,15.37,15.787,1.449,1.596,0,1.488,1.596,0
"H4",14,"F",20,1.5,"Estado de México",18.21,18.4,17.532,1.716,1.734,0,1.652,1.716,0
"H4",15,"F",21,1.57,"Ciudad de México",20.107,17.84,18.858,1.681,1.895,0,1.777,1.895,0
"H4",16,"F",22,1.5,"Ciudad de México",18.297,17.573,17.206,1.656,1.724,0,1.622,1.724,0
"H4",17,"F",20,1.42,"Ciudad de México",16.68,17.357,15.959,1.572,1.636,0,1.504,1.572,0
"H4",18,"M",21,1.61,"Estado de México",18.45,18.047,17.478,1.701,1.739,0,1.647,1.739,0
"H4",19,"F",18,1.53,"Ciudad de México",17.017,17.093,15.975,1.604,1.611,0,1.506,1.604,1
"H4",20,"F",18,1.6,"Ciudad de México",16.587,15.967,15.689,1.505,1.563,0,1.479,1.563,0
"H4",21,"F",19,1.56,"Ciudad de México",15.337,15.393,14.741,1.445,1.451,0,1.389,1.445,0
"H4",22,"F",20,1.57,"Estado de México",16.323,14.93,15.303,1.407,1.538,0,1.442,1.538,0
"H4",23,"F",19,1.61,"Querétaro",18.69,17.227,17.717,1.624,1.761,0,1.67,1.761,0
"H4",24,"F",19,1.45,"Estado de México",18.317,16.537,17.063,1.559,1.726,0,1.608,1.726,0
"H4",25,"M",18,1.78,"Estado de México",18.91,17.953,17.725,1.692,1.782,1,1.671,1.782,1
"H4",26,"F",19,1.61,"Ciudad de México",18.357,15.757,17.198,1.485,1.73,1,1.621,1.73,0
"H4",27,"F",30,1.57,"Ciudad de México",18.19,17.29,17.337,1.63,1.714,0,1.634,1.714,0
"H4",28,"F",23,1.56,"Ciudad de México",20.6,18.025,18.939,1.699,1.942,0,1.785,1.942,0
"H4",29,"F",19,1.57,"Ciudad de México",18.395,17.68,17.572,1.666,1.734,0,1.656,1.734,0
"H4",30,"F",18,1.55,"Estado de México",16.455,16.325,15.898,1.539,1.551,1,1.498,1.551,1
"H4",31,"F",18,1.54,"Estado de México",20.73,14.385,18.286,1.356,1.954,1,1.723,1.954,0
"H4",32,"M",18,1.71,"Estado de México",18.937,17.25,17.457,1.626,1.785,1,1.645,1.785,1
"H4",33,"M",18,1.61,"Ciudad de México",17.03,16.797,16.372,1.583,1.605,0,1.543,1.605,0
"H4",34,"M",18,1.55,"Ciudad de México",16.643,16.79,15.834,1.569,1.582,0,1.492,1.569,1
"H4",35,"F",18,1.61,"Ciudad de México",19.333,16.997,18.02,1.602,1.822,1,1.698,1.822,0
"H4",36,"F",20,1.67,"Ciudad de México",19.227,18.07,18.07,1.703,1.812,0,1.703,1.812,0
"H4",37,"F",19,1.62,"Ciudad de México",15.633,16.127,14.851,1.473,1.52,0,1.4,1.473,0
"H4",38,"F",21,1.56,"Ciudad de México",17.533,17.72,16.517,1.652,1.67,0,1.557,1.652,1
"H4",39,"F",19,1.55,"Ciudad de México",19.667,19.2,18.504,1.81,1.854,0,1.744,1.854,0
"H4",40,"F",23,1.51,"Estado de México",17.94,15.967,16.576,1.505,1.691,1,1.562,1.691,0
"H4",41,"F",18,1.5,"Ciudad de México",18.78,18.887,18.074,1.77,1.78,0,1.703,1.77,0
"H4",42,"M",19,1.9,"Ciudad de México",18.17,18.497,17.186,1.712,1.743,0,1.62,1.712,0
"H4",43,"F",18,1.7,"Estado de México",19.683,17.753,18.23,1.673,1.855,1,1.718,1.855,0
"H4",45,"F",18,1.58,"Ciudad de México",18.067,16.613,16.986,1.566,1.703,1,1.601,1.703,0
"H4",46,"F",19,1.6,"Ciudad de México",18.533,17.34,17.603,1.634,1.747,0,1.659,1.747,0
"H4",47,"M",18,1.62,"Ciudad de México",18.34,17.72,17.093,1.67,1.729,0,1.611,1.729,1
"H4",48,"M",18,1.63,"Querétaro",19.173,18.9,18.312,1.781,1.807,0,1.726,1.807,0
"H4",49,"F",19,1.63,"Ciudad de México",18.053,18.15,17.219,1.701,1.711,0,1.623,1.701,1
"H4",50,"F",42,1.68,"Ciudad de México",18.677,17.78,17.972,1.676,1.76,1,1.694,1.76,0
"H4",51,"F",23,1.56,"Ciudad de México",20.527,18.617,18.954,1.755,1.935,0,1.786,1.935,0
"H4",52,"F",21,1.65,"Ciudad de México",18.123,17.2,17.203,1.621,1.708,1,1.621,1.708,1
"H4",53,"F",22,1.68,"Ciudad de México",18.38,18.2,17.572,1.715,1.732,0,1.656,1.732,1
"H4",54,"F",20,1.61,"Estado de México",17.75,16.177,16.901,1.525,1.673,1,1.593,1.673,1
"H4",55,"F",20,1.55,"Ciudad de México",16.193,16.637,15.574,1.526,1.568,1,1.468,1.526,0
"H4",56,"F",20,1.54,"Ciudad de México",18.46,17.64,17.151,1.663,1.74,0,1.616,1.74,0
"H4",57,"M",19,1.89,"Ciudad de México",17.59,18.115,17.084,1.658,1.707,0,1.61,1.658,0
"H4",58,"F",20,1.57,"Ciudad de México",16.975,17.08,16.412,1.6,1.61,0,1.547,1.6,1
"H4",59,"F",32,1.57,"Puebla",18.83,17.525,17.887,1.652,1.775,0,1.686,1.775,0
"H4",60,"F",20,1.59,"Ciudad de México",15.975,17.19,15.57,1.506,1.62,1,1.467,1.506,0
"H4",61,"F",19,1.53,"Ciudad de México",19.57,17.78,18.316,1.676,1.844,0,1.726,1.844,0
"H4",62,"F",18,1.69,NA,19.085,19.205,18.064,1.799,1.81,0,1.702,1.799,0
"H4",63,"F",19,1.61,"Ciudad de México",17.835,17.255,17.334,1.626,1.681,0,1.634,1.681,0
"H4",64,"F",19,1.53,"Ciudad de México",16,16.73,15.381,1.508,1.577,1,1.45,1.508,0
"H4",65,"F",22,1.66,"Ciudad de México",18.133,16.26,17.109,1.532,1.709,1,1.612,1.709,1
"H4",66,"M",19,1.72,"Ciudad de México",19.527,19.737,18.324,1.84,1.86,0,1.727,1.84,0
"H4",67,"F",26,1.62,"Estado de México",17.867,18.277,16.958,1.684,1.723,0,1.598,1.684,1
"H4",68,"M",18,1.72,"Estado de México",19,17.98,18.058,1.695,1.791,1,1.702,1.791,1
"H4",69,"F",18,1.58,"Ciudad de México",17.303,16.883,16.356,1.591,1.631,0,1.541,1.631,1
"H4",70,"M",18,1.69,"Estado de México",17.298,17.963,16.419,1.63,1.693,1,1.547,1.63,0
"H4",71,"F",19,1.52,"Ciudad de México",17.045,17.602,16.427,1.606,1.659,0,1.548,1.606,0
"H4",72,"F",20,1.51,"Ciudad de México",17.948,17.153,17.138,1.617,1.692,0,1.615,1.692,0
"H4",73,"F",18,1.64,"Ciudad de México",18.37,17.493,17.149,1.649,1.731,0,1.616,1.731,1
"H4",74,"F",27,1.64,"Ciudad de México",18.473,18.723,17.165,1.741,1.765,0,1.618,1.741,1
"H4",75,"F",18,1.5,"Ciudad de México",18.293,15.667,17.483,1.477,1.724,1,1.648,1.724,0
"H4",76,"F",56,1.56,"Ciudad de México",17.787,17.577,16.826,1.657,1.676,0,1.586,1.676,0
"H4",77,"F",19,1.64,"Ciudad de México",17.037,16.327,15.91,1.539,1.606,0,1.499,1.606,0
"H4",78,"M",18,1.7,"Ciudad de México",17.57,16.423,16.736,1.548,1.656,0,1.577,1.656,0
"H4",79,"M",19,1.63,"Estado de México",17.653,16.943,16.363,1.597,1.664,1,1.542,1.664,1
"H4",81,"F",18,1.57,"Ciudad de México",17.583,17.56,16.768,1.655,1.657,0,1.58,1.657,0
"H4",84,"F",18,1.73,"Ciudad de México",20.613,18.13,19.352,1.709,1.943,1,1.824,1.943,0
"H4",87,"M",18,1.75,"Ciudad de México",18.837,18.363,17.705,1.731,1.775,1,1.669,1.775,1
"H4",90,"F",18,1.57,"Ciudad de México",17.467,15.47,16.246,1.458,1.646,1,1.531,1.646,1
"H4",95,"F",19,1.67,"Ciudad de México",17.99,16.62,16.729,1.566,1.696,1,1.577,1.696,1
"H4",96,"F",19,1.7,"Ciudad de México",19.953,17.903,18.524,1.687,1.881,1,1.746,1.881,0
"H4",97,"F",18,1.57,"Ciudad de México",17.307,17.297,16.387,1.63,1.631,0,1.544,1.631,1
"H4",99,"M",19,1.81,"Ciudad de México",19.62,16.993,17.885,1.602,1.849,1,1.686,1.849,1
"H4",102,"F",17,1.51,"Ciudad de México",18.353,18.743,17.448,1.73,1.767,0,1.644,1.73,0
"H4",105,"F",21,1.56,"Ciudad de México",17.47,16.637,16.539,1.568,1.647,0,1.559,1.647,1
"H4",106,"F",19,1.61,"Querétaro",19.143,18.023,18.108,1.699,1.804,0,1.707,1.804,0
"H4",107,"F",43,1.62,"Ciudad de México",18.977,19.43,18.049,1.789,1.831,0,1.701,1.789,0
"H4",108,"F",20,1.67,"Ciudad de México",20.233,18.853,18.931,1.777,1.907,0,1.784,1.907,0
"H4",109,"F",54,1.53,"Michoacán",18.013,16.69,16.697,1.573,1.698,0,1.574,1.698,0
"H4",110,"M",18,1.71,"Estado de México",18.583,17.247,17.201,1.625,1.751,1,1.621,1.751,1
"H4",111,"F",19,1.63,"Ciudad de México",17.383,17.81,16.662,1.638,1.679,0,1.57,1.638,1
"H4",112,"M",20,1.66,"Ciudad de México",18.61,18.73,17.527,1.754,1.765,0,1.652,1.754,1
"H4",113,"M",47,1.75,"Ciudad de México",17.527,18.343,16.959,1.652,1.729,0,1.598,1.652,0
"H4",114,"M",29,1.69,"Ciudad de México",17.367,15.65,16.227,1.475,1.637,0,1.529,1.637,0
"H4",116,"M",22,1.71,"Ciudad de México",17.413,17.417,16.503,1.641,1.641,0,1.555,1.641,0
"H4",117,"F",23,1.59,"Estado de México",18.51,15.6,17.107,1.47,1.745,1,1.612,1.745,0
"H4",118,"F",59,1.51,"Michoacán",18.53,16.683,17.205,1.572,1.746,0,1.622,1.746,0
"H4",119,"F",32,1.56,"Ciudad de México",18.007,17.953,17.104,1.692,1.697,0,1.612,1.697,0
"H4",120,"F",48,1.55,"Michoacán",18.493,18.37,17.731,1.731,1.743,0,1.671,1.743,0
"H4",121,"F",19,1.55,"Ciudad de México",20.11,20.063,18.864,1.891,1.895,0,1.778,1.895,0
"H4",122,"F",27,1.55,"Ciudad de México",17.167,17.347,16.174,1.618,1.635,0,1.524,1.618,1
"H4",123,"M",25,1.74,"Ciudad de México",19.12,17.597,17.882,1.658,1.802,1,1.685,1.802,1
"H4",124,"F",19,1.61,"Ciudad de México",17.877,16.443,16.759,1.55,1.685,1,1.579,1.685,1
"H4",125,"M",18,1.78,"Estado de México",18.777,18.647,17.595,1.757,1.77,0,1.658,1.77,0
"H4",126,"F",19,1.45,"Estado de México",18.033,16.6,16.75,1.565,1.7,0,1.579,1.7,0
"H4",127,"F",31,1.61,"Estado de México",16.797,17.487,15.783,1.583,1.648,1,1.487,1.583,0
"H4",128,"F",25,1.67,"Ciudad de México",18.99,19.143,17.949,1.79,1.804,0,1.692,1.79,0
"H4",129,"F",25,1.58,"Estado de México",18.1,18.17,16.802,1.706,1.712,0,1.584,1.706,0
"H4",130,"F",44,1.71,"Ciudad de México",19.46,19.503,18.288,1.834,1.838,0,1.724,1.834,0
